Company/Context,Website Link
Intersport International,intersport.com
Fenix Outdoor / Fjällräven,fenixoutdoor.se
On Ag,on-running.com
Scott Sports Sa,scott-sports.com
Mammut Sports Group Ag,mammut.ch
Ochsner Sport,ochsner-sport.ch
Odlo,odlo.com
DT Swiss,dtswiss.com
Napapijri Usa,napapijri.com
Bmc Switzerland,bmc-switzerland.com
Assos Of Switzerland Gmbh,assos.com
Transa Backpacking Ag,transa.ch
Stöckli Swiss Sports Ag,stoeckli.ch
Bächli Bergsport Ag,baechli-bergsport.ch
Biketec Ag Flyer,flyer-bikes.com
Faction Skis,factionskis.com
Katadyn North America,katadyngroup.com
Compressport International,compressport.com
Intercycle,intercycle.com
Athleticum Sportmarkets A,athleticum.ch
Intersport (Schweiz) Ag,intersport.ch
Ochsner Hockey Ag,ochsnerhockey.ch
Golfers Paradise Ag,golfersparadise.ch
Pesko Sport Ag,pesko.ch
Fw,fwapparel.com
World Federation Of The Sporting Goods Industry (Wfsgi),wfsgi.org
Tour De Suisse Rad Ag,tds-rad.ch
Mello's,mellos1986.com
Sportmania,sportmania.ch
European Outdoor Group (Eog),europeanoutdoorgroup.com
Katadyn,katadyn-group.com
Zai Ag,zai.ch
Hajk Scout & Sport Ag,hajk.ch
Thömus Ag,thoemus.ch
Dahu Sports Company Ltd.,dahusports.com
Snowlife Ag,snowlife.ch
Fritschi Ag Swiss Bindings,diamir.com
Decathlon,decathlon.ch
Ochsner Sport,ochsnersport.ch
Burton,burton.com
The North Face Store,thenorthface-store.ch
Mammut,mammut.com
Patagonia Partnerstore Zürich (Mountain Wilderness Equipment),mountain-wilderness-equipment.ch
Patagonia EU/CH,eu.patagonia.com/ch
Ridestore,ridestore.com
Lovely Sheep Boutique,lovelysheep.ch
Keller Sports,keller-sports.ch
